Title,Release Date,Run Time,MPAA Film Rating,Rating,Genres,Webpage
Sinners,2025,2h 17m,R,8.1,Period Drama,https://www.imdb.com/title/tt31193180/?ref_=chtmvm_i_1
Sinners,2025,2h 17m,R,8.1,Supernatural Horror,https://www.imdb.com/title/tt31193180/?ref_=chtmvm_i_1
Sinners,2025,2h 17m,R,8.1,Vampire Horror,https://www.imdb.com/title/tt31193180/?ref_=chtmvm_i_1
Sinners,2025,2h 17m,R,8.1,Action,https://www.imdb.com/title/tt31193180/?ref_=chtmvm_i_1
Sinners,2025,2h 17m,R,8.1,Drama,https://www.imdb.com/title/tt31193180/?ref_=chtmvm_i_1
Sinners,2025,2h 17m,R,8.1,Horror,https://www.imdb.com/title/tt31193180/?ref_=chtmvm_i_1
Sinners,2025,2h 17m,R,8.1,Thriller,https://www.imdb.com/title/tt31193180/?ref_=chtmvm_i_1
Havoc,2025,1h 47m,TV-MA,5.8,Conspiracy Thriller,https://www.imdb.com/title/tt14123284/?ref_=chtmvm_i_2
Havoc,2025,1h 47m,TV-MA,5.8,Drug Crime,https://www.imdb.com/title/tt14123284/?ref_=chtmvm_i_2
Havoc,2025,1h 47m,TV-MA,5.8,Gun Fu,https://www.imdb.com/title/tt14123284/?ref_=chtmvm_i_2
Havoc,2025,1h 47m,TV-MA,5.8,Martial Arts,https://www.imdb.com/title/tt14123284/?ref_=chtmvm_i_2
Havoc,2025,1h 47m,TV-MA,5.8,One-Person Army Action,https://www.imdb.com/title/tt14123284/?ref_=chtmvm_i_2
Havoc,2025,1h 47m,TV-MA,5.8,Suspense Mystery,https://www.imdb.com/title/tt14123284/?ref_=chtmvm_i_2
Havoc,2025,1h 47m,TV-MA,5.8,Action,https://www.imdb.com/title/tt14123284/?ref_=chtmvm_i_2
Havoc,2025,1h 47m,TV-MA,5.8,Crime,https://www.imdb.com/title/tt14123284/?ref_=chtmvm_i_2
Havoc,2025,1h 47m,TV-MA,5.8,Drama,https://www.imdb.com/title/tt14123284/?ref_=chtmvm_i_2
Havoc,2025,1h 47m,TV-MA,5.8,Mystery,https://www.imdb.com/title/tt14123284/?ref_=chtmvm_i_2
Conclave,2024,2h,PG,7.4,Conspiracy Thriller,https://www.imdb.com/title/tt20215234/?ref_=chtmvm_i_3
Conclave,2024,2h,PG,7.4,Drama,https://www.imdb.com/title/tt20215234/?ref_=chtmvm_i_3
Conclave,2024,2h,PG,7.4,Thriller,https://www.imdb.com/title/tt20215234/?ref_=chtmvm_i_3
A Minecraft Movie,2025,1h 41m,PG,5.9,Action Epic,https://www.imdb.com/title/tt3566834/?ref_=chtmvm_i_4
A Minecraft Movie,2025,1h 41m,PG,5.9,Adventure Epic,https://www.imdb.com/title/tt3566834/?ref_=chtmvm_i_4
A Minecraft Movie,2025,1h 41m,PG,5.9,Fantasy Epic,https://www.imdb.com/title/tt3566834/?ref_=chtmvm_i_4
A Minecraft Movie,2025,1h 41m,PG,5.9,High-Concept Comedy,https://www.imdb.com/title/tt3566834/?ref_=chtmvm_i_4
A Minecraft Movie,2025,1h 41m,PG,5.9,Quest,https://www.imdb.com/title/tt3566834/?ref_=chtmvm_i_4
A Minecraft Movie,2025,1h 41m,PG,5.9,Slapstick,https://www.imdb.com/title/tt3566834/?ref_=chtmvm_i_4
A Minecraft Movie,2025,1h 41m,PG,5.9,Survival,https://www.imdb.com/title/tt3566834/?ref_=chtmvm_i_4
A Minecraft Movie,2025,1h 41m,PG,5.9,Action,https://www.imdb.com/title/tt3566834/?ref_=chtmvm_i_4
A Minecraft Movie,2025,1h 41m,PG,5.9,Adventure,https://www.imdb.com/title/tt3566834/?ref_=chtmvm_i_4
A Minecraft Movie,2025,1h 41m,PG,5.9,Comedy,https://www.imdb.com/title/tt3566834/?ref_=chtmvm_i_4
The Accountant 2,2025,2h 12m,R,7.1,Whodunnit,https://www.imdb.com/title/tt7068946/?ref_=chtmvm_i_5
The Accountant 2,2025,2h 12m,R,7.1,Action,https://www.imdb.com/title/tt7068946/?ref_=chtmvm_i_5
The Accountant 2,2025,2h 12m,R,7.1,Crime,https://www.imdb.com/title/tt7068946/?ref_=chtmvm_i_5
The Accountant 2,2025,2h 12m,R,7.1,Drama,https://www.imdb.com/title/tt7068946/?ref_=chtmvm_i_5
The Accountant 2,2025,2h 12m,R,7.1,Mystery,https://www.imdb.com/title/tt7068946/?ref_=chtmvm_i_5
The Accountant 2,2025,2h 12m,R,7.1,Thriller,https://www.imdb.com/title/tt7068946/?ref_=chtmvm_i_5
Warfare,2025,1h 35m,R,7.8,Docudrama,https://www.imdb.com/title/tt31434639/?ref_=chtmvm_i_6
Warfare,2025,1h 35m,R,7.8,War Epic,https://www.imdb.com/title/tt31434639/?ref_=chtmvm_i_6
Warfare,2025,1h 35m,R,7.8,Action,https://www.imdb.com/title/tt31434639/?ref_=chtmvm_i_6
Warfare,2025,1h 35m,R,7.8,Drama,https://www.imdb.com/title/tt31434639/?ref_=chtmvm_i_6
Warfare,2025,1h 35m,R,7.8,War,https://www.imdb.com/title/tt31434639/?ref_=chtmvm_i_6
Predator: Badlands,2025,,,,Alien Invasion,https://www.imdb.com/title/tt31227572/?ref_=chtmvm_i_7
Predator: Badlands,2025,,,,Sci-Fi,https://www.imdb.com/title/tt31227572/?ref_=chtmvm_i_7
Snow White,2025,1h 49m,PG,1.6,Fairy Tale,https://www.imdb.com/title/tt6208148/?ref_=chtmvm_i_8
Snow White,2025,1h 49m,PG,1.6,Feel-Good Romance,https://www.imdb.com/title/tt6208148/?ref_=chtmvm_i_8
Snow White,2025,1h 49m,PG,1.6,Adventure,https://www.imdb.com/title/tt6208148/?ref_=chtmvm_i_8
Snow White,2025,1h 49m,PG,1.6,Family,https://www.imdb.com/title/tt6208148/?ref_=chtmvm_i_8
Snow White,2025,1h 49m,PG,1.6,Fantasy,https://www.imdb.com/title/tt6208148/?ref_=chtmvm_i_8
Snow White,2025,1h 49m,PG,1.6,Musical,https://www.imdb.com/title/tt6208148/?ref_=chtmvm_i_8
Snow White,2025,1h 49m,PG,1.6,Romance,https://www.imdb.com/title/tt6208148/?ref_=chtmvm_i_8
Thunderbolts*,2025,2h 6m,PG-13,7.7,Political Drama,https://www.imdb.com/title/tt20969586/?ref_=chtmvm_i_9
Thunderbolts*,2025,2h 6m,PG-13,7.7,Superhero,https://www.imdb.com/title/tt20969586/?ref_=chtmvm_i_9
Thunderbolts*,2025,2h 6m,PG-13,7.7,Action,https://www.imdb.com/title/tt20969586/?ref_=chtmvm_i_9
Thunderbolts*,2025,2h 6m,PG-13,7.7,Adventure,https://www.imdb.com/title/tt20969586/?ref_=chtmvm_i_9
Thunderbolts*,2025,2h 6m,PG-13,7.7,Crime,https://www.imdb.com/title/tt20969586/?ref_=chtmvm_i_9
Thunderbolts*,2025,2h 6m,PG-13,7.7,Drama,https://www.imdb.com/title/tt20969586/?ref_=chtmvm_i_9
Thunderbolts*,2025,2h 6m,PG-13,7.7,Fantasy,https://www.imdb.com/title/tt20969586/?ref_=chtmvm_i_9
Thunderbolts*,2025,2h 6m,PG-13,7.7,Sci-Fi,https://www.imdb.com/title/tt20969586/?ref_=chtmvm_i_9
Until Dawn,2025,1h 43m,R,6.0,Psychological Drama,https://www.imdb.com/title/tt30955489/?ref_=chtmvm_i_10
Until Dawn,2025,1h 43m,R,6.0,Psychological Horror,https://www.imdb.com/title/tt30955489/?ref_=chtmvm_i_10
Until Dawn,2025,1h 43m,R,6.0,Slasher Horror,https://www.imdb.com/title/tt30955489/?ref_=chtmvm_i_10
Until Dawn,2025,1h 43m,R,6.0,Splatter Horror,https://www.imdb.com/title/tt30955489/?ref_=chtmvm_i_10
Until Dawn,2025,1h 43m,R,6.0,Supernatural Horror,https://www.imdb.com/title/tt30955489/?ref_=chtmvm_i_10
Until Dawn,2025,1h 43m,R,6.0,Zombie Horror,https://www.imdb.com/title/tt30955489/?ref_=chtmvm_i_10
Until Dawn,2025,1h 43m,R,6.0,Drama,https://www.imdb.com/title/tt30955489/?ref_=chtmvm_i_10
Until Dawn,2025,1h 43m,R,6.0,Horror,https://www.imdb.com/title/tt30955489/?ref_=chtmvm_i_10
Companion,2025,1h 37m,R,6.9,Artificial Intelligence,https://www.imdb.com/title/tt26584495/?ref_=chtmvm_i_11
Companion,2025,1h 37m,R,6.9,Dark Comedy,https://www.imdb.com/title/tt26584495/?ref_=chtmvm_i_11
Companion,2025,1h 37m,R,6.9,Psychological Thriller,https://www.imdb.com/title/tt26584495/?ref_=chtmvm_i_11
Companion,2025,1h 37m,R,6.9,Sci-Fi,https://www.imdb.com/title/tt26584495/?ref_=chtmvm_i_11
Companion,2025,1h 37m,R,6.9,Thriller,https://www.imdb.com/title/tt26584495/?ref_=chtmvm_i_11
Ash,2025,1h 35m,R,4.7,Alien Invasion,https://www.imdb.com/title/tt17489650/?ref_=chtmvm_i_12
Ash,2025,1h 35m,R,4.7,Monster Horror,https://www.imdb.com/title/tt17489650/?ref_=chtmvm_i_12
Ash,2025,1h 35m,R,4.7,Psychological Horror,https://www.imdb.com/title/tt17489650/?ref_=chtmvm_i_12
Ash,2025,1h 35m,R,4.7,Psychological Thriller,https://www.imdb.com/title/tt17489650/?ref_=chtmvm_i_12
Ash,2025,1h 35m,R,4.7,Space Sci-Fi,https://www.imdb.com/title/tt17489650/?ref_=chtmvm_i_12
Ash,2025,1h 35m,R,4.7,Survival,https://www.imdb.com/title/tt17489650/?ref_=chtmvm_i_12
Ash,2025,1h 35m,R,4.7,Horror,https://www.imdb.com/title/tt17489650/?ref_=chtmvm_i_12
Ash,2025,1h 35m,R,4.7,Sci-Fi,https://www.imdb.com/title/tt17489650/?ref_=chtmvm_i_12
Ash,2025,1h 35m,R,4.7,Thriller,https://www.imdb.com/title/tt17489650/?ref_=chtmvm_i_12
The Fantastic Four: First Steps,2025,,,,Space Sci-Fi,https://www.imdb.com/title/tt10676052/?ref_=chtmvm_i_13
The Fantastic Four: First Steps,2025,,,,Superhero,https://www.imdb.com/title/tt10676052/?ref_=chtmvm_i_13
The Fantastic Four: First Steps,2025,,,,Action,https://www.imdb.com/title/tt10676052/?ref_=chtmvm_i_13
The Fantastic Four: First Steps,2025,,,,Adventure,https://www.imdb.com/title/tt10676052/?ref_=chtmvm_i_13
The Fantastic Four: First Steps,2025,,,,Sci-Fi,https://www.imdb.com/title/tt10676052/?ref_=chtmvm_i_13
iHostage,2025,1h 40m,TV-MA,5.7,Crime,https://www.imdb.com/title/tt31181421/?ref_=chtmvm_i_14
iHostage,2025,1h 40m,TV-MA,5.7,Drama,https://www.imdb.com/title/tt31181421/?ref_=chtmvm_i_14
iHostage,2025,1h 40m,TV-MA,5.7,Thriller,https://www.imdb.com/title/tt31181421/?ref_=chtmvm_i_14
The Amateur,2025,2h 2m,PG-13,6.7,Spy,https://www.imdb.com/title/tt0899043/?ref_=chtmvm_i_15
The Amateur,2025,2h 2m,PG-13,6.7,Action,https://www.imdb.com/title/tt0899043/?ref_=chtmvm_i_15
The Amateur,2025,2h 2m,PG-13,6.7,Thriller,https://www.imdb.com/title/tt0899043/?ref_=chtmvm_i_15
The Accountant,2016,2h 8m,R,7.3,Conspiracy Thriller,https://www.imdb.com/title/tt2140479/?ref_=chtmvm_i_16
The Accountant,2016,2h 8m,R,7.3,Martial Arts,https://www.imdb.com/title/tt2140479/?ref_=chtmvm_i_16
The Accountant,2016,2h 8m,R,7.3,One-Person Army Action,https://www.imdb.com/title/tt2140479/?ref_=chtmvm_i_16
The Accountant,2016,2h 8m,R,7.3,Action,https://www.imdb.com/title/tt2140479/?ref_=chtmvm_i_16
The Accountant,2016,2h 8m,R,7.3,Crime,https://www.imdb.com/title/tt2140479/?ref_=chtmvm_i_16
The Accountant,2016,2h 8m,R,7.3,Drama,https://www.imdb.com/title/tt2140479/?ref_=chtmvm_i_16
The Accountant,2016,2h 8m,R,7.3,Thriller,https://www.imdb.com/title/tt2140479/?ref_=chtmvm_i_16
I Know What You Did Last Summer,2025,,,,Slasher Horror,https://www.imdb.com/title/tt4045450/?ref_=chtmvm_i_17
I Know What You Did Last Summer,2025,,,,Horror,https://www.imdb.com/title/tt4045450/?ref_=chtmvm_i_17
Mickey 17,2025,2h 17m,R,6.8,Alien Invasion,https://www.imdb.com/title/tt12299608/?ref_=chtmvm_i_18
Mickey 17,2025,2h 17m,R,6.8,Dark Comedy,https://www.imdb.com/title/tt12299608/?ref_=chtmvm_i_18
Mickey 17,2025,2h 17m,R,6.8,Space Sci-Fi,https://www.imdb.com/title/tt12299608/?ref_=chtmvm_i_18
Mickey 17,2025,2h 17m,R,6.8,Adventure,https://www.imdb.com/title/tt12299608/?ref_=chtmvm_i_18
Mickey 17,2025,2h 17m,R,6.8,Comedy,https://www.imdb.com/title/tt12299608/?ref_=chtmvm_i_18
Mickey 17,2025,2h 17m,R,6.8,Fantasy,https://www.imdb.com/title/tt12299608/?ref_=chtmvm_i_18
Mickey 17,2025,2h 17m,R,6.8,Sci-Fi,https://www.imdb.com/title/tt12299608/?ref_=chtmvm_i_18
A Working Man,2025,1h 56m,R,5.8,Conspiracy Thriller,https://www.imdb.com/title/tt9150192/?ref_=chtmvm_i_19
A Working Man,2025,1h 56m,R,5.8,One-Person Army Action,https://www.imdb.com/title/tt9150192/?ref_=chtmvm_i_19
A Working Man,2025,1h 56m,R,5.8,Action,https://www.imdb.com/title/tt9150192/?ref_=chtmvm_i_19
A Working Man,2025,1h 56m,R,5.8,Thriller,https://www.imdb.com/title/tt9150192/?ref_=chtmvm_i_19
Locked,2025,1h 35m,R,5.8,Psychological Thriller,https://www.imdb.com/title/tt26671996/?ref_=chtmvm_i_20
Locked,2025,1h 35m,R,5.8,Thriller,https://www.imdb.com/title/tt26671996/?ref_=chtmvm_i_20
Drop,2025,1h 35m,PG-13,6.3,Whodunnit,https://www.imdb.com/title/tt32149847/?ref_=chtmvm_i_21
Drop,2025,1h 35m,PG-13,6.3,Drama,https://www.imdb.com/title/tt32149847/?ref_=chtmvm_i_21
Drop,2025,1h 35m,PG-13,6.3,Mystery,https://www.imdb.com/title/tt32149847/?ref_=chtmvm_i_21
Drop,2025,1h 35m,PG-13,6.3,Thriller,https://www.imdb.com/title/tt32149847/?ref_=chtmvm_i_21
Babygirl,2024,1h 54m,R,5.9,Erotic Thriller,https://www.imdb.com/title/tt30057084/?ref_=chtmvm_i_22
Babygirl,2024,1h 54m,R,5.9,Workplace Drama,https://www.imdb.com/title/tt30057084/?ref_=chtmvm_i_22
Babygirl,2024,1h 54m,R,5.9,Drama,https://www.imdb.com/title/tt30057084/?ref_=chtmvm_i_22
Babygirl,2024,1h 54m,R,5.9,Romance,https://www.imdb.com/title/tt30057084/?ref_=chtmvm_i_22
Babygirl,2024,1h 54m,R,5.9,Thriller,https://www.imdb.com/title/tt30057084/?ref_=chtmvm_i_22
Anora,2024,2h 19m,R,7.5,Dark Comedy,https://www.imdb.com/title/tt28607951/?ref_=chtmvm_i_23
Anora,2024,2h 19m,R,7.5,Raunchy Comedy,https://www.imdb.com/title/tt28607951/?ref_=chtmvm_i_23
Anora,2024,2h 19m,R,7.5,Steamy Romance,https://www.imdb.com/title/tt28607951/?ref_=chtmvm_i_23
Anora,2024,2h 19m,R,7.5,Comedy,https://www.imdb.com/title/tt28607951/?ref_=chtmvm_i_23
Anora,2024,2h 19m,R,7.5,Drama,https://www.imdb.com/title/tt28607951/?ref_=chtmvm_i_23
Anora,2024,2h 19m,R,7.5,Romance,https://www.imdb.com/title/tt28607951/?ref_=chtmvm_i_23
G20,2025,1h 48m,R,5.1,Action,https://www.imdb.com/title/tt23476986/?ref_=chtmvm_i_24
G20,2025,1h 48m,R,5.1,Thriller,https://www.imdb.com/title/tt23476986/?ref_=chtmvm_i_24
Black Bag,2025,1h 33m,R,6.8,Spy,https://www.imdb.com/title/tt30988739/?ref_=chtmvm_i_25
Black Bag,2025,1h 33m,R,6.8,Drama,https://www.imdb.com/title/tt30988739/?ref_=chtmvm_i_25
Black Bag,2025,1h 33m,R,6.8,Mystery,https://www.imdb.com/title/tt30988739/?ref_=chtmvm_i_25
Black Bag,2025,1h 33m,R,6.8,Romance,https://www.imdb.com/title/tt30988739/?ref_=chtmvm_i_25
Black Bag,2025,1h 33m,R,6.8,Thriller,https://www.imdb.com/title/tt30988739/?ref_=chtmvm_i_25
The King of Kings,2025,1h 43m,PG,7.4,Computer Animation,https://www.imdb.com/title/tt7967302/?ref_=chtmvm_i_26
The King of Kings,2025,1h 43m,PG,7.4,Animation,https://www.imdb.com/title/tt7967302/?ref_=chtmvm_i_26
The King of Kings,2025,1h 43m,PG,7.4,Family,https://www.imdb.com/title/tt7967302/?ref_=chtmvm_i_26
28 Years Later,2025,2h 6m,,,Zombie Horror,https://www.imdb.com/title/tt10548174/?ref_=chtmvm_i_27
28 Years Later,2025,2h 6m,,,Horror,https://www.imdb.com/title/tt10548174/?ref_=chtmvm_i_27
28 Years Later,2025,2h 6m,,,Thriller,https://www.imdb.com/title/tt10548174/?ref_=chtmvm_i_27
Captain America: Brave New World,2025,1h 58m,PG-13,5.8,Action Epic,https://www.imdb.com/title/tt14513804/?ref_=chtmvm_i_28
Captain America: Brave New World,2025,1h 58m,PG-13,5.8,Adventure Epic,https://www.imdb.com/title/tt14513804/?ref_=chtmvm_i_28
Captain America: Brave New World,2025,1h 58m,PG-13,5.8,Sci-Fi Epic,https://www.imdb.com/title/tt14513804/?ref_=chtmvm_i_28
Captain America: Brave New World,2025,1h 58m,PG-13,5.8,Superhero,https://www.imdb.com/title/tt14513804/?ref_=chtmvm_i_28
Captain America: Brave New World,2025,1h 58m,PG-13,5.8,Action,https://www.imdb.com/title/tt14513804/?ref_=chtmvm_i_28
Captain America: Brave New World,2025,1h 58m,PG-13,5.8,Adventure,https://www.imdb.com/title/tt14513804/?ref_=chtmvm_i_28
Captain America: Brave New World,2025,1h 58m,PG-13,5.8,Sci-Fi,https://www.imdb.com/title/tt14513804/?ref_=chtmvm_i_28
Gladiator II,2024,2h 28m,R,6.5,Action Epic,https://www.imdb.com/title/tt9218128/?ref_=chtmvm_i_29
Gladiator II,2024,2h 28m,R,6.5,Adventure Epic,https://www.imdb.com/title/tt9218128/?ref_=chtmvm_i_29
Gladiator II,2024,2h 28m,R,6.5,Epic,https://www.imdb.com/title/tt9218128/?ref_=chtmvm_i_29
Gladiator II,2024,2h 28m,R,6.5,Period Drama,https://www.imdb.com/title/tt9218128/?ref_=chtmvm_i_29
Gladiator II,2024,2h 28m,R,6.5,Sword & Sandal,https://www.imdb.com/title/tt9218128/?ref_=chtmvm_i_29
Gladiator II,2024,2h 28m,R,6.5,Action,https://www.imdb.com/title/tt9218128/?ref_=chtmvm_i_29
Gladiator II,2024,2h 28m,R,6.5,Adventure,https://www.imdb.com/title/tt9218128/?ref_=chtmvm_i_29
Gladiator II,2024,2h 28m,R,6.5,Drama,https://www.imdb.com/title/tt9218128/?ref_=chtmvm_i_29
Pride & Prejudice,2005,2h 9m,PG,7.8,Costume Drama,https://www.imdb.com/title/tt0414387/?ref_=chtmvm_i_30
Pride & Prejudice,2005,2h 9m,PG,7.8,Feel-Good Romance,https://www.imdb.com/title/tt0414387/?ref_=chtmvm_i_30
Pride & Prejudice,2005,2h 9m,PG,7.8,Period Drama,https://www.imdb.com/title/tt0414387/?ref_=chtmvm_i_30
Pride & Prejudice,2005,2h 9m,PG,7.8,Romantic Epic,https://www.imdb.com/title/tt0414387/?ref_=chtmvm_i_30
Pride & Prejudice,2005,2h 9m,PG,7.8,Drama,https://www.imdb.com/title/tt0414387/?ref_=chtmvm_i_30
Pride & Prejudice,2005,2h 9m,PG,7.8,Romance,https://www.imdb.com/title/tt0414387/?ref_=chtmvm_i_30
The Order,2024,1h 56m,R,6.8,Heist,https://www.imdb.com/title/tt26625693/?ref_=chtmvm_i_31
The Order,2024,1h 56m,R,6.8,True Crime,https://www.imdb.com/title/tt26625693/?ref_=chtmvm_i_31
The Order,2024,1h 56m,R,6.8,Crime,https://www.imdb.com/title/tt26625693/?ref_=chtmvm_i_31
The Order,2024,1h 56m,R,6.8,Drama,https://www.imdb.com/title/tt26625693/?ref_=chtmvm_i_31
The Order,2024,1h 56m,R,6.8,Thriller,https://www.imdb.com/title/tt26625693/?ref_=chtmvm_i_31
Freaky Tales,2024,1h 47m,R,6.3,Action,https://www.imdb.com/title/tt21942598/?ref_=chtmvm_i_32
Freaky Tales,2024,1h 47m,R,6.3,Adventure,https://www.imdb.com/title/tt21942598/?ref_=chtmvm_i_32
Freaky Tales,2024,1h 47m,R,6.3,Comedy,https://www.imdb.com/title/tt21942598/?ref_=chtmvm_i_32
Freaky Tales,2024,1h 47m,R,6.3,Crime,https://www.imdb.com/title/tt21942598/?ref_=chtmvm_i_32
Freaky Tales,2024,1h 47m,R,6.3,Drama,https://www.imdb.com/title/tt21942598/?ref_=chtmvm_i_32
The Passion of the Christ,2004,2h 7m,R,7.2,Epic,https://www.imdb.com/title/tt0335345/?ref_=chtmvm_i_33
The Passion of the Christ,2004,2h 7m,R,7.2,Period Drama,https://www.imdb.com/title/tt0335345/?ref_=chtmvm_i_33
The Passion of the Christ,2004,2h 7m,R,7.2,Drama,https://www.imdb.com/title/tt0335345/?ref_=chtmvm_i_33
A Complete Unknown,2024,2h 21m,R,7.4,Docudrama,https://www.imdb.com/title/tt11563598/?ref_=chtmvm_i_34
A Complete Unknown,2024,2h 21m,R,7.4,Period Drama,https://www.imdb.com/title/tt11563598/?ref_=chtmvm_i_34
A Complete Unknown,2024,2h 21m,R,7.4,Showbiz Drama,https://www.imdb.com/title/tt11563598/?ref_=chtmvm_i_34
A Complete Unknown,2024,2h 21m,R,7.4,Biography,https://www.imdb.com/title/tt11563598/?ref_=chtmvm_i_34
A Complete Unknown,2024,2h 21m,R,7.4,Drama,https://www.imdb.com/title/tt11563598/?ref_=chtmvm_i_34
A Complete Unknown,2024,2h 21m,R,7.4,Music,https://www.imdb.com/title/tt11563598/?ref_=chtmvm_i_34
The Life List,2025,2h 3m,PG-13,6.8,Feel-Good Romance,https://www.imdb.com/title/tt2172954/?ref_=chtmvm_i_35
The Life List,2025,2h 3m,PG-13,6.8,Romantic Comedy,https://www.imdb.com/title/tt2172954/?ref_=chtmvm_i_35
The Life List,2025,2h 3m,PG-13,6.8,Comedy,https://www.imdb.com/title/tt2172954/?ref_=chtmvm_i_35
The Life List,2025,2h 3m,PG-13,6.8,Drama,https://www.imdb.com/title/tt2172954/?ref_=chtmvm_i_35
The Life List,2025,2h 3m,PG-13,6.8,Romance,https://www.imdb.com/title/tt2172954/?ref_=chtmvm_i_35
Bullet Train Explosion,2025,2h 14m,TV-14,6.3,Disaster,https://www.imdb.com/title/tt33452974/?ref_=chtmvm_i_36
Bullet Train Explosion,2025,2h 14m,TV-14,6.3,Action,https://www.imdb.com/title/tt33452974/?ref_=chtmvm_i_36
Bullet Train Explosion,2025,2h 14m,TV-14,6.3,Crime,https://www.imdb.com/title/tt33452974/?ref_=chtmvm_i_36
Bullet Train Explosion,2025,2h 14m,TV-14,6.3,Drama,https://www.imdb.com/title/tt33452974/?ref_=chtmvm_i_36
Bullet Train Explosion,2025,2h 14m,TV-14,6.3,Thriller,https://www.imdb.com/title/tt33452974/?ref_=chtmvm_i_36
Novocaine,2025,1h 50m,R,6.5,Dark Comedy,https://www.imdb.com/title/tt29603959/?ref_=chtmvm_i_37
Novocaine,2025,1h 50m,R,6.5,One-Person Army Action,https://www.imdb.com/title/tt29603959/?ref_=chtmvm_i_37
Novocaine,2025,1h 50m,R,6.5,Superhero,https://www.imdb.com/title/tt29603959/?ref_=chtmvm_i_37
Novocaine,2025,1h 50m,R,6.5,Action,https://www.imdb.com/title/tt29603959/?ref_=chtmvm_i_37
Novocaine,2025,1h 50m,R,6.5,Comedy,https://www.imdb.com/title/tt29603959/?ref_=chtmvm_i_37
Novocaine,2025,1h 50m,R,6.5,Thriller,https://www.imdb.com/title/tt29603959/?ref_=chtmvm_i_37
Nosferatu,2024,2h 12m,R,7.2,Dark Fantasy,https://www.imdb.com/title/tt5040012/?ref_=chtmvm_i_38
Nosferatu,2024,2h 12m,R,7.2,Supernatural Horror,https://www.imdb.com/title/tt5040012/?ref_=chtmvm_i_38
Nosferatu,2024,2h 12m,R,7.2,Vampire Horror,https://www.imdb.com/title/tt5040012/?ref_=chtmvm_i_38
Nosferatu,2024,2h 12m,R,7.2,Fantasy,https://www.imdb.com/title/tt5040012/?ref_=chtmvm_i_38
Nosferatu,2024,2h 12m,R,7.2,Horror,https://www.imdb.com/title/tt5040012/?ref_=chtmvm_i_38
Nosferatu,2024,2h 12m,R,7.2,Mystery,https://www.imdb.com/title/tt5040012/?ref_=chtmvm_i_38
The Substance,2024,2h 21m,R,7.3,Body Horror,https://www.imdb.com/title/tt17526714/?ref_=chtmvm_i_39
The Substance,2024,2h 21m,R,7.3,Dark Comedy,https://www.imdb.com/title/tt17526714/?ref_=chtmvm_i_39
The Substance,2024,2h 21m,R,7.3,Monster Horror,https://www.imdb.com/title/tt17526714/?ref_=chtmvm_i_39
The Substance,2024,2h 21m,R,7.3,Psychological Horror,https://www.imdb.com/title/tt17526714/?ref_=chtmvm_i_39
The Substance,2024,2h 21m,R,7.3,Showbiz Drama,https://www.imdb.com/title/tt17526714/?ref_=chtmvm_i_39
The Substance,2024,2h 21m,R,7.3,Drama,https://www.imdb.com/title/tt17526714/?ref_=chtmvm_i_39
The Substance,2024,2h 21m,R,7.3,Horror,https://www.imdb.com/title/tt17526714/?ref_=chtmvm_i_39
The Substance,2024,2h 21m,R,7.3,Sci-Fi,https://www.imdb.com/title/tt17526714/?ref_=chtmvm_i_39
The Gorge,2025,2h 7m,PG-13,6.7,Dark Romance,https://www.imdb.com/title/tt13654226/?ref_=chtmvm_i_40
The Gorge,2025,2h 7m,PG-13,6.7,Monster Horror,https://www.imdb.com/title/tt13654226/?ref_=chtmvm_i_40
The Gorge,2025,2h 7m,PG-13,6.7,Survival,https://www.imdb.com/title/tt13654226/?ref_=chtmvm_i_40
The Gorge,2025,2h 7m,PG-13,6.7,Action,https://www.imdb.com/title/tt13654226/?ref_=chtmvm_i_40
The Gorge,2025,2h 7m,PG-13,6.7,Adventure,https://www.imdb.com/title/tt13654226/?ref_=chtmvm_i_40
The Gorge,2025,2h 7m,PG-13,6.7,Horror,https://www.imdb.com/title/tt13654226/?ref_=chtmvm_i_40
The Gorge,2025,2h 7m,PG-13,6.7,Romance,https://www.imdb.com/title/tt13654226/?ref_=chtmvm_i_40
The Gorge,2025,2h 7m,PG-13,6.7,Sci-Fi,https://www.imdb.com/title/tt13654226/?ref_=chtmvm_i_40
Virgin Territory,2007,1h 37m,R,4.7,Costume Drama,https://www.imdb.com/title/tt0437954/?ref_=chtmvm_i_41
Virgin Territory,2007,1h 37m,R,4.7,Raunchy Comedy,https://www.imdb.com/title/tt0437954/?ref_=chtmvm_i_41
Virgin Territory,2007,1h 37m,R,4.7,Teen Comedy,https://www.imdb.com/title/tt0437954/?ref_=chtmvm_i_41
Virgin Territory,2007,1h 37m,R,4.7,Adventure,https://www.imdb.com/title/tt0437954/?ref_=chtmvm_i_41
Virgin Territory,2007,1h 37m,R,4.7,Comedy,https://www.imdb.com/title/tt0437954/?ref_=chtmvm_i_41
Virgin Territory,2007,1h 37m,R,4.7,Romance,https://www.imdb.com/title/tt0437954/?ref_=chtmvm_i_41
The Hunger Games: Sunrise on the Reaping,2026,,,,Dystopian Sci-Fi,https://www.imdb.com/title/tt32558705/?ref_=chtmvm_i_42
The Hunger Games: Sunrise on the Reaping,2026,,,,Teen Adventure,https://www.imdb.com/title/tt32558705/?ref_=chtmvm_i_42
The Hunger Games: Sunrise on the Reaping,2026,,,,Action,https://www.imdb.com/title/tt32558705/?ref_=chtmvm_i_42
The Hunger Games: Sunrise on the Reaping,2026,,,,Adventure,https://www.imdb.com/title/tt32558705/?ref_=chtmvm_i_42
The Hunger Games: Sunrise on the Reaping,2026,,,,Fantasy,https://www.imdb.com/title/tt32558705/?ref_=chtmvm_i_42
The Hunger Games: Sunrise on the Reaping,2026,,,,Sci-Fi,https://www.imdb.com/title/tt32558705/?ref_=chtmvm_i_42
The Hunger Games: Sunrise on the Reaping,2026,,,,Thriller,https://www.imdb.com/title/tt32558705/?ref_=chtmvm_i_42
The Electric State,2025,2h 5m,PG-13,5.9,Action Epic,https://www.imdb.com/title/tt7766378/?ref_=chtmvm_i_43
The Electric State,2025,2h 5m,PG-13,5.9,Adventure Epic,https://www.imdb.com/title/tt7766378/?ref_=chtmvm_i_43
The Electric State,2025,2h 5m,PG-13,5.9,Artificial Intelligence,https://www.imdb.com/title/tt7766378/?ref_=chtmvm_i_43
The Electric State,2025,2h 5m,PG-13,5.9,Dystopian Sci-Fi,https://www.imdb.com/title/tt7766378/?ref_=chtmvm_i_43
The Electric State,2025,2h 5m,PG-13,5.9,Epic,https://www.imdb.com/title/tt7766378/?ref_=chtmvm_i_43
The Electric State,2025,2h 5m,PG-13,5.9,Quest,https://www.imdb.com/title/tt7766378/?ref_=chtmvm_i_43
The Electric State,2025,2h 5m,PG-13,5.9,Sci-Fi Epic,https://www.imdb.com/title/tt7766378/?ref_=chtmvm_i_43
The Electric State,2025,2h 5m,PG-13,5.9,Urban Adventure,https://www.imdb.com/title/tt7766378/?ref_=chtmvm_i_43
The Electric State,2025,2h 5m,PG-13,5.9,Action,https://www.imdb.com/title/tt7766378/?ref_=chtmvm_i_43
The Electric State,2025,2h 5m,PG-13,5.9,Adventure,https://www.imdb.com/title/tt7766378/?ref_=chtmvm_i_43
Mission: Impossible - The Final Reckoning,2025,2h 49m,,,Adventure Epic,https://www.imdb.com/title/tt9603208/?ref_=chtmvm_i_44
Mission: Impossible - The Final Reckoning,2025,2h 49m,,,Action,https://www.imdb.com/title/tt9603208/?ref_=chtmvm_i_44
Mission: Impossible - The Final Reckoning,2025,2h 49m,,,Adventure,https://www.imdb.com/title/tt9603208/?ref_=chtmvm_i_44
Mission: Impossible - The Final Reckoning,2025,2h 49m,,,Thriller,https://www.imdb.com/title/tt9603208/?ref_=chtmvm_i_44
Final Destination: Bloodlines,2025,1h 50m,R,,Slasher Horror,https://www.imdb.com/title/tt9619824/?ref_=chtmvm_i_45
Final Destination: Bloodlines,2025,1h 50m,R,,Splatter Horror,https://www.imdb.com/title/tt9619824/?ref_=chtmvm_i_45
Final Destination: Bloodlines,2025,1h 50m,R,,Supernatural Horror,https://www.imdb.com/title/tt9619824/?ref_=chtmvm_i_45
Final Destination: Bloodlines,2025,1h 50m,R,,Horror,https://www.imdb.com/title/tt9619824/?ref_=chtmvm_i_45
The Two Popes,2019,2h 5m,PG-13,7.6,Docudrama,https://www.imdb.com/title/tt8404614/?ref_=chtmvm_i_46
The Two Popes,2019,2h 5m,PG-13,7.6,Biography,https://www.imdb.com/title/tt8404614/?ref_=chtmvm_i_46
The Two Popes,2019,2h 5m,PG-13,7.6,Comedy,https://www.imdb.com/title/tt8404614/?ref_=chtmvm_i_46
The Two Popes,2019,2h 5m,PG-13,7.6,Drama,https://www.imdb.com/title/tt8404614/?ref_=chtmvm_i_46
Star Wars: Episode III - Revenge of the Sith,2005,2h 20m,PG-13,7.6,Action Epic,https://www.imdb.com/title/tt0121766/?ref_=chtmvm_i_47
Star Wars: Episode III - Revenge of the Sith,2005,2h 20m,PG-13,7.6,Adventure Epic,https://www.imdb.com/title/tt0121766/?ref_=chtmvm_i_47
Star Wars: Episode III - Revenge of the Sith,2005,2h 20m,PG-13,7.6,Dark Fantasy,https://www.imdb.com/title/tt0121766/?ref_=chtmvm_i_47
Star Wars: Episode III - Revenge of the Sith,2005,2h 20m,PG-13,7.6,Epic,https://www.imdb.com/title/tt0121766/?ref_=chtmvm_i_47
Star Wars: Episode III - Revenge of the Sith,2005,2h 20m,PG-13,7.6,Fantasy Epic,https://www.imdb.com/title/tt0121766/?ref_=chtmvm_i_47
Star Wars: Episode III - Revenge of the Sith,2005,2h 20m,PG-13,7.6,Sci-Fi Epic,https://www.imdb.com/title/tt0121766/?ref_=chtmvm_i_47
Star Wars: Episode III - Revenge of the Sith,2005,2h 20m,PG-13,7.6,Space Sci-Fi,https://www.imdb.com/title/tt0121766/?ref_=chtmvm_i_47
Star Wars: Episode III - Revenge of the Sith,2005,2h 20m,PG-13,7.6,Tragedy,https://www.imdb.com/title/tt0121766/?ref_=chtmvm_i_47
Star Wars: Episode III - Revenge of the Sith,2005,2h 20m,PG-13,7.6,Action,https://www.imdb.com/title/tt0121766/?ref_=chtmvm_i_47
Star Wars: Episode III - Revenge of the Sith,2005,2h 20m,PG-13,7.6,Adventure,https://www.imdb.com/title/tt0121766/?ref_=chtmvm_i_47
Mufasa: The Lion King,2024,1h 58m,PG,6.6,Animal Adventure,https://www.imdb.com/title/tt13186482/?ref_=chtmvm_i_48
Mufasa: The Lion King,2024,1h 58m,PG,6.6,Computer Animation,https://www.imdb.com/title/tt13186482/?ref_=chtmvm_i_48
Mufasa: The Lion King,2024,1h 58m,PG,6.6,Adventure,https://www.imdb.com/title/tt13186482/?ref_=chtmvm_i_48
Mufasa: The Lion King,2024,1h 58m,PG,6.6,Animation,https://www.imdb.com/title/tt13186482/?ref_=chtmvm_i_48
Mufasa: The Lion King,2024,1h 58m,PG,6.6,Drama,https://www.imdb.com/title/tt13186482/?ref_=chtmvm_i_48
Mufasa: The Lion King,2024,1h 58m,PG,6.6,Family,https://www.imdb.com/title/tt13186482/?ref_=chtmvm_i_48
Mufasa: The Lion King,2024,1h 58m,PG,6.6,Fantasy,https://www.imdb.com/title/tt13186482/?ref_=chtmvm_i_48
Mufasa: The Lion King,2024,1h 58m,PG,6.6,Musical,https://www.imdb.com/title/tt13186482/?ref_=chtmvm_i_48
Twisters,2024,2h 2m,PG-13,6.5,Disaster,https://www.imdb.com/title/tt12584954/?ref_=chtmvm_i_49
Twisters,2024,2h 2m,PG-13,6.5,Action,https://www.imdb.com/title/tt12584954/?ref_=chtmvm_i_49
Twisters,2024,2h 2m,PG-13,6.5,Adventure,https://www.imdb.com/title/tt12584954/?ref_=chtmvm_i_49
Twisters,2024,2h 2m,PG-13,6.5,Thriller,https://www.imdb.com/title/tt12584954/?ref_=chtmvm_i_49
Wicked,2024,2h 40m,PG,7.5,Fairy Tale,https://www.imdb.com/title/tt1262426/?ref_=chtmvm_i_50
Wicked,2024,2h 40m,PG,7.5,Pop Musical,https://www.imdb.com/title/tt1262426/?ref_=chtmvm_i_50
Wicked,2024,2h 40m,PG,7.5,Fantasy,https://www.imdb.com/title/tt1262426/?ref_=chtmvm_i_50
Wicked,2024,2h 40m,PG,7.5,Musical,https://www.imdb.com/title/tt1262426/?ref_=chtmvm_i_50
Wicked,2024,2h 40m,PG,7.5,Romance,https://www.imdb.com/title/tt1262426/?ref_=chtmvm_i_50
Tombstone,1993,2h 10m,R,7.8,Costume Drama,https://www.imdb.com/title/tt0108358/?ref_=chtmvm_i_51
Tombstone,1993,2h 10m,R,7.8,Docudrama,https://www.imdb.com/title/tt0108358/?ref_=chtmvm_i_51
Tombstone,1993,2h 10m,R,7.8,Period Drama,https://www.imdb.com/title/tt0108358/?ref_=chtmvm_i_51
Tombstone,1993,2h 10m,R,7.8,Western Epic,https://www.imdb.com/title/tt0108358/?ref_=chtmvm_i_51
Tombstone,1993,2h 10m,R,7.8,Biography,https://www.imdb.com/title/tt0108358/?ref_=chtmvm_i_51
Tombstone,1993,2h 10m,R,7.8,Drama,https://www.imdb.com/title/tt0108358/?ref_=chtmvm_i_51
Tombstone,1993,2h 10m,R,7.8,History,https://www.imdb.com/title/tt0108358/?ref_=chtmvm_i_51
Tombstone,1993,2h 10m,R,7.8,Western,https://www.imdb.com/title/tt0108358/?ref_=chtmvm_i_51
Last Breath,2025,1h 33m,PG-13,6.6,Sea Adventure,https://www.imdb.com/title/tt14403504/?ref_=chtmvm_i_52
Last Breath,2025,1h 33m,PG-13,6.6,Drama,https://www.imdb.com/title/tt14403504/?ref_=chtmvm_i_52
Last Breath,2025,1h 33m,PG-13,6.6,Thriller,https://www.imdb.com/title/tt14403504/?ref_=chtmvm_i_52
Superman,2025,,,,Superhero,https://www.imdb.com/title/tt5950044/?ref_=chtmvm_i_53
Superman,2025,,,,Action,https://www.imdb.com/title/tt5950044/?ref_=chtmvm_i_53
Superman,2025,,,,Adventure,https://www.imdb.com/title/tt5950044/?ref_=chtmvm_i_53
Superman,2025,,,,Fantasy,https://www.imdb.com/title/tt5950044/?ref_=chtmvm_i_53
Superman,2025,,,,Sci-Fi,https://www.imdb.com/title/tt5950044/?ref_=chtmvm_i_53
The Monkey,2025,1h 38m,R,6.0,Dark Comedy,https://www.imdb.com/title/tt27714946/?ref_=chtmvm_i_54
The Monkey,2025,1h 38m,R,6.0,Splatter Horror,https://www.imdb.com/title/tt27714946/?ref_=chtmvm_i_54
The Monkey,2025,1h 38m,R,6.0,Horror,https://www.imdb.com/title/tt27714946/?ref_=chtmvm_i_54
The Woman in the Yard,2025,1h 28m,PG-13,5.1,Psychological Thriller,https://www.imdb.com/title/tt31314296/?ref_=chtmvm_i_55
The Woman in the Yard,2025,1h 28m,PG-13,5.1,Supernatural Horror,https://www.imdb.com/title/tt31314296/?ref_=chtmvm_i_55
The Woman in the Yard,2025,1h 28m,PG-13,5.1,Teen Drama,https://www.imdb.com/title/tt31314296/?ref_=chtmvm_i_55
The Woman in the Yard,2025,1h 28m,PG-13,5.1,Teen Horror,https://www.imdb.com/title/tt31314296/?ref_=chtmvm_i_55
The Woman in the Yard,2025,1h 28m,PG-13,5.1,Drama,https://www.imdb.com/title/tt31314296/?ref_=chtmvm_i_55
The Woman in the Yard,2025,1h 28m,PG-13,5.1,Horror,https://www.imdb.com/title/tt31314296/?ref_=chtmvm_i_55
The Woman in the Yard,2025,1h 28m,PG-13,5.1,Thriller,https://www.imdb.com/title/tt31314296/?ref_=chtmvm_i_55
Him,2025,R,,,Football,https://www.imdb.com/title/tt20990442/?ref_=chtmvm_i_56
Him,2025,R,,,Psychological Horror,https://www.imdb.com/title/tt20990442/?ref_=chtmvm_i_56
Him,2025,R,,,Horror,https://www.imdb.com/title/tt20990442/?ref_=chtmvm_i_56
Him,2025,R,,,Sport,https://www.imdb.com/title/tt20990442/?ref_=chtmvm_i_56
Heretic,2024,1h 51m,R,7.0,Psychological Horror,https://www.imdb.com/title/tt28015403/?ref_=chtmvm_i_57
Heretic,2024,1h 51m,R,7.0,Psychological Thriller,https://www.imdb.com/title/tt28015403/?ref_=chtmvm_i_57
Heretic,2024,1h 51m,R,7.0,Horror,https://www.imdb.com/title/tt28015403/?ref_=chtmvm_i_57
Heretic,2024,1h 51m,R,7.0,Thriller,https://www.imdb.com/title/tt28015403/?ref_=chtmvm_i_57
Once Upon a Time... in Hollywood,2019,2h 41m,R,7.6,Period Drama,https://www.imdb.com/title/tt7131622/?ref_=chtmvm_i_58
Once Upon a Time... in Hollywood,2019,2h 41m,R,7.6,Showbiz Drama,https://www.imdb.com/title/tt7131622/?ref_=chtmvm_i_58
Once Upon a Time... in Hollywood,2019,2h 41m,R,7.6,Comedy,https://www.imdb.com/title/tt7131622/?ref_=chtmvm_i_58
Once Upon a Time... in Hollywood,2019,2h 41m,R,7.6,Drama,https://www.imdb.com/title/tt7131622/?ref_=chtmvm_i_58
Jewel Thief: The Heist Begins,2025,1h 56m,,4.1,Action,https://www.imdb.com/title/tt27843798/?ref_=chtmvm_i_59
Jewel Thief: The Heist Begins,2025,1h 56m,,4.1,Adventure,https://www.imdb.com/title/tt27843798/?ref_=chtmvm_i_59
Jewel Thief: The Heist Begins,2025,1h 56m,,4.1,Thriller,https://www.imdb.com/title/tt27843798/?ref_=chtmvm_i_59
The Shawshank Redemption,1994,2h 22m,R,9.3,Epic,https://www.imdb.com/title/tt0111161/?ref_=chtmvm_i_60
The Shawshank Redemption,1994,2h 22m,R,9.3,Period Drama,https://www.imdb.com/title/tt0111161/?ref_=chtmvm_i_60
The Shawshank Redemption,1994,2h 22m,R,9.3,Prison Drama,https://www.imdb.com/title/tt0111161/?ref_=chtmvm_i_60
The Shawshank Redemption,1994,2h 22m,R,9.3,Drama,https://www.imdb.com/title/tt0111161/?ref_=chtmvm_i_60
A Real Pain,2024,1h 30m,R,7.1,Buddy Comedy,https://www.imdb.com/title/tt21823606/?ref_=chtmvm_i_61
A Real Pain,2024,1h 30m,R,7.1,Comedy,https://www.imdb.com/title/tt21823606/?ref_=chtmvm_i_61
A Real Pain,2024,1h 30m,R,7.1,Drama,https://www.imdb.com/title/tt21823606/?ref_=chtmvm_i_61
The Brutalist,2024,3h 36m,R,7.4,Epic,https://www.imdb.com/title/tt8999762/?ref_=chtmvm_i_62
The Brutalist,2024,3h 36m,R,7.4,Drama,https://www.imdb.com/title/tt8999762/?ref_=chtmvm_i_62
The Legend of Ochi,2025,1h 35m,PG,6.3,Quest,https://www.imdb.com/title/tt8866456/?ref_=chtmvm_i_63
The Legend of Ochi,2025,1h 35m,PG,6.3,Teen Fantasy,https://www.imdb.com/title/tt8866456/?ref_=chtmvm_i_63
The Legend of Ochi,2025,1h 35m,PG,6.3,Adventure,https://www.imdb.com/title/tt8866456/?ref_=chtmvm_i_63
The Legend of Ochi,2025,1h 35m,PG,6.3,Family,https://www.imdb.com/title/tt8866456/?ref_=chtmvm_i_63
The Legend of Ochi,2025,1h 35m,PG,6.3,Fantasy,https://www.imdb.com/title/tt8866456/?ref_=chtmvm_i_63
Fountain of Youth,2025,2h 5m,PG-13,,Adventure,https://www.imdb.com/title/tt27075958/?ref_=chtmvm_i_64
Fountain of Youth,2025,2h 5m,PG-13,,Fantasy,https://www.imdb.com/title/tt27075958/?ref_=chtmvm_i_64
Fountain of Youth,2025,2h 5m,PG-13,,Mystery,https://www.imdb.com/title/tt27075958/?ref_=chtmvm_i_64
The Alto Knights,2025,2h 3m,R,5.7,Docudrama,https://www.imdb.com/title/tt21815562/?ref_=chtmvm_i_65
The Alto Knights,2025,2h 3m,R,5.7,Gangster,https://www.imdb.com/title/tt21815562/?ref_=chtmvm_i_65
The Alto Knights,2025,2h 3m,R,5.7,Period Drama,https://www.imdb.com/title/tt21815562/?ref_=chtmvm_i_65
The Alto Knights,2025,2h 3m,R,5.7,True Crime,https://www.imdb.com/title/tt21815562/?ref_=chtmvm_i_65
The Alto Knights,2025,2h 3m,R,5.7,Biography,https://www.imdb.com/title/tt21815562/?ref_=chtmvm_i_65
The Alto Knights,2025,2h 3m,R,5.7,Crime,https://www.imdb.com/title/tt21815562/?ref_=chtmvm_i_65
The Alto Knights,2025,2h 3m,R,5.7,Drama,https://www.imdb.com/title/tt21815562/?ref_=chtmvm_i_65
The Alto Knights,2025,2h 3m,R,5.7,History,https://www.imdb.com/title/tt21815562/?ref_=chtmvm_i_65
Oppenheimer,2023,3h,R,8.3,Docudrama,https://www.imdb.com/title/tt15398776/?ref_=chtmvm_i_66
Oppenheimer,2023,3h,R,8.3,Epic,https://www.imdb.com/title/tt15398776/?ref_=chtmvm_i_66
Oppenheimer,2023,3h,R,8.3,Historical Epic,https://www.imdb.com/title/tt15398776/?ref_=chtmvm_i_66
Oppenheimer,2023,3h,R,8.3,Period Drama,https://www.imdb.com/title/tt15398776/?ref_=chtmvm_i_66
Oppenheimer,2023,3h,R,8.3,Psychological Drama,https://www.imdb.com/title/tt15398776/?ref_=chtmvm_i_66
Oppenheimer,2023,3h,R,8.3,Biography,https://www.imdb.com/title/tt15398776/?ref_=chtmvm_i_66
Oppenheimer,2023,3h,R,8.3,Drama,https://www.imdb.com/title/tt15398776/?ref_=chtmvm_i_66
Oppenheimer,2023,3h,R,8.3,History,https://www.imdb.com/title/tt15398776/?ref_=chtmvm_i_66
Interstellar,2014,2h 49m,PG-13,8.7,Adventure Epic,https://www.imdb.com/title/tt0816692/?ref_=chtmvm_i_67
Interstellar,2014,2h 49m,PG-13,8.7,Epic,https://www.imdb.com/title/tt0816692/?ref_=chtmvm_i_67
Interstellar,2014,2h 49m,PG-13,8.7,Quest,https://www.imdb.com/title/tt0816692/?ref_=chtmvm_i_67
Interstellar,2014,2h 49m,PG-13,8.7,Sci-Fi Epic,https://www.imdb.com/title/tt0816692/?ref_=chtmvm_i_67
Interstellar,2014,2h 49m,PG-13,8.7,Space Sci-Fi,https://www.imdb.com/title/tt0816692/?ref_=chtmvm_i_67
Interstellar,2014,2h 49m,PG-13,8.7,Time Travel,https://www.imdb.com/title/tt0816692/?ref_=chtmvm_i_67
Interstellar,2014,2h 49m,PG-13,8.7,Adventure,https://www.imdb.com/title/tt0816692/?ref_=chtmvm_i_67
Interstellar,2014,2h 49m,PG-13,8.7,Drama,https://www.imdb.com/title/tt0816692/?ref_=chtmvm_i_67
Interstellar,2014,2h 49m,PG-13,8.7,Sci-Fi,https://www.imdb.com/title/tt0816692/?ref_=chtmvm_i_67
Kraven the Hunter,2024,2h 7m,R,5.5,One-Person Army Action,https://www.imdb.com/title/tt8790086/?ref_=chtmvm_i_68
Kraven the Hunter,2024,2h 7m,R,5.5,Superhero,https://www.imdb.com/title/tt8790086/?ref_=chtmvm_i_68
Kraven the Hunter,2024,2h 7m,R,5.5,Action,https://www.imdb.com/title/tt8790086/?ref_=chtmvm_i_68
Kraven the Hunter,2024,2h 7m,R,5.5,Adventure,https://www.imdb.com/title/tt8790086/?ref_=chtmvm_i_68
Kraven the Hunter,2024,2h 7m,R,5.5,Thriller,https://www.imdb.com/title/tt8790086/?ref_=chtmvm_i_68
Life or Something Like It,2002,1h 43m,PG-13,5.8,Romantic Comedy,https://www.imdb.com/title/tt0282687/?ref_=chtmvm_i_69
Life or Something Like It,2002,1h 43m,PG-13,5.8,Comedy,https://www.imdb.com/title/tt0282687/?ref_=chtmvm_i_69
Life or Something Like It,2002,1h 43m,PG-13,5.8,Romance,https://www.imdb.com/title/tt0282687/?ref_=chtmvm_i_69
Gladiator,2000,2h 35m,R,8.5,Action Epic,https://www.imdb.com/title/tt0172495/?ref_=chtmvm_i_70
Gladiator,2000,2h 35m,R,8.5,Adventure Epic,https://www.imdb.com/title/tt0172495/?ref_=chtmvm_i_70
Gladiator,2000,2h 35m,R,8.5,Epic,https://www.imdb.com/title/tt0172495/?ref_=chtmvm_i_70
Gladiator,2000,2h 35m,R,8.5,Period Drama,https://www.imdb.com/title/tt0172495/?ref_=chtmvm_i_70
Gladiator,2000,2h 35m,R,8.5,Sword & Sandal,https://www.imdb.com/title/tt0172495/?ref_=chtmvm_i_70
Gladiator,2000,2h 35m,R,8.5,Action,https://www.imdb.com/title/tt0172495/?ref_=chtmvm_i_70
Gladiator,2000,2h 35m,R,8.5,Adventure,https://www.imdb.com/title/tt0172495/?ref_=chtmvm_i_70
Gladiator,2000,2h 35m,R,8.5,Drama,https://www.imdb.com/title/tt0172495/?ref_=chtmvm_i_70
Den of Thieves: Pantera,2025,2h 24m,R,6.3,Heist,https://www.imdb.com/title/tt8008948/?ref_=chtmvm_i_71
Den of Thieves: Pantera,2025,2h 24m,R,6.3,Action,https://www.imdb.com/title/tt8008948/?ref_=chtmvm_i_71
Den of Thieves: Pantera,2025,2h 24m,R,6.3,Crime,https://www.imdb.com/title/tt8008948/?ref_=chtmvm_i_71
Den of Thieves: Pantera,2025,2h 24m,R,6.3,Drama,https://www.imdb.com/title/tt8008948/?ref_=chtmvm_i_71
Den of Thieves: Pantera,2025,2h 24m,R,6.3,Thriller,https://www.imdb.com/title/tt8008948/?ref_=chtmvm_i_71
The Godfather,1972,2h 55m,R,9.2,Epic,https://www.imdb.com/title/tt0068646/?ref_=chtmvm_i_72
The Godfather,1972,2h 55m,R,9.2,Gangster,https://www.imdb.com/title/tt0068646/?ref_=chtmvm_i_72
The Godfather,1972,2h 55m,R,9.2,Tragedy,https://www.imdb.com/title/tt0068646/?ref_=chtmvm_i_72
The Godfather,1972,2h 55m,R,9.2,Crime,https://www.imdb.com/title/tt0068646/?ref_=chtmvm_i_72
The Godfather,1972,2h 55m,R,9.2,Drama,https://www.imdb.com/title/tt0068646/?ref_=chtmvm_i_72
The Odyssey,2026,,,,Action Epic,https://www.imdb.com/title/tt33764258/?ref_=chtmvm_i_73
The Odyssey,2026,,,,Adventure Epic,https://www.imdb.com/title/tt33764258/?ref_=chtmvm_i_73
The Odyssey,2026,,,,Fantasy Epic,https://www.imdb.com/title/tt33764258/?ref_=chtmvm_i_73
The Odyssey,2026,,,,Historical Epic,https://www.imdb.com/title/tt33764258/?ref_=chtmvm_i_73
The Odyssey,2026,,,,Action,https://www.imdb.com/title/tt33764258/?ref_=chtmvm_i_73
The Odyssey,2026,,,,Adventure,https://www.imdb.com/title/tt33764258/?ref_=chtmvm_i_73
The Odyssey,2026,,,,Fantasy,https://www.imdb.com/title/tt33764258/?ref_=chtmvm_i_73
The Odyssey,2026,,,,History,https://www.imdb.com/title/tt33764258/?ref_=chtmvm_i_73
Hell of a Summer,2023,1h 28m,R,5.5,Dark Comedy,https://www.imdb.com/title/tt21267296/?ref_=chtmvm_i_74
Hell of a Summer,2023,1h 28m,R,5.5,Slasher Horror,https://www.imdb.com/title/tt21267296/?ref_=chtmvm_i_74
Hell of a Summer,2023,1h 28m,R,5.5,Whodunnit,https://www.imdb.com/title/tt21267296/?ref_=chtmvm_i_74
Hell of a Summer,2023,1h 28m,R,5.5,Comedy,https://www.imdb.com/title/tt21267296/?ref_=chtmvm_i_74
Hell of a Summer,2023,1h 28m,R,5.5,Horror,https://www.imdb.com/title/tt21267296/?ref_=chtmvm_i_74
Hell of a Summer,2023,1h 28m,R,5.5,Mystery,https://www.imdb.com/title/tt21267296/?ref_=chtmvm_i_74
Heads of State,2025,PG-13,,,Action,https://www.imdb.com/title/tt13357520/?ref_=chtmvm_i_75
Heads of State,2025,PG-13,,,Thriller,https://www.imdb.com/title/tt13357520/?ref_=chtmvm_i_75
How to Train Your Dragon,2025,2h 5m,PG,,Sword & Sorcery,https://www.imdb.com/title/tt26743210/?ref_=chtmvm_i_76
How to Train Your Dragon,2025,2h 5m,PG,,Teen Adventure,https://www.imdb.com/title/tt26743210/?ref_=chtmvm_i_76
How to Train Your Dragon,2025,2h 5m,PG,,Teen Fantasy,https://www.imdb.com/title/tt26743210/?ref_=chtmvm_i_76
How to Train Your Dragon,2025,2h 5m,PG,,Action,https://www.imdb.com/title/tt26743210/?ref_=chtmvm_i_76
How to Train Your Dragon,2025,2h 5m,PG,,Adventure,https://www.imdb.com/title/tt26743210/?ref_=chtmvm_i_76
How to Train Your Dragon,2025,2h 5m,PG,,Comedy,https://www.imdb.com/title/tt26743210/?ref_=chtmvm_i_76
How to Train Your Dragon,2025,2h 5m,PG,,Drama,https://www.imdb.com/title/tt26743210/?ref_=chtmvm_i_76
How to Train Your Dragon,2025,2h 5m,PG,,Family,https://www.imdb.com/title/tt26743210/?ref_=chtmvm_i_76
How to Train Your Dragon,2025,2h 5m,PG,,Fantasy,https://www.imdb.com/title/tt26743210/?ref_=chtmvm_i_76
Dazed and Confused,1993,1h 43m,R,7.6,Coming-of-Age,https://www.imdb.com/title/tt0106677/?ref_=chtmvm_i_77
Dazed and Confused,1993,1h 43m,R,7.6,Stoner Comedy,https://www.imdb.com/title/tt0106677/?ref_=chtmvm_i_77
Dazed and Confused,1993,1h 43m,R,7.6,Teen Comedy,https://www.imdb.com/title/tt0106677/?ref_=chtmvm_i_77
Dazed and Confused,1993,1h 43m,R,7.6,Comedy,https://www.imdb.com/title/tt0106677/?ref_=chtmvm_i_77
Wolf Man,2025,1h 43m,R,5.6,Body Horror,https://www.imdb.com/title/tt4216984/?ref_=chtmvm_i_78
Wolf Man,2025,1h 43m,R,5.6,Werewolf Horror,https://www.imdb.com/title/tt4216984/?ref_=chtmvm_i_78
Wolf Man,2025,1h 43m,R,5.6,Horror,https://www.imdb.com/title/tt4216984/?ref_=chtmvm_i_78
V for Vengeance,2022,1h 26m,R,4.1,Action,https://www.imdb.com/title/tt15745084/?ref_=chtmvm_i_79
V for Vengeance,2022,1h 26m,R,4.1,Adventure,https://www.imdb.com/title/tt15745084/?ref_=chtmvm_i_79
V for Vengeance,2022,1h 26m,R,4.1,Horror,https://www.imdb.com/title/tt15745084/?ref_=chtmvm_i_79
V for Vengeance,2022,1h 26m,R,4.1,Thriller,https://www.imdb.com/title/tt15745084/?ref_=chtmvm_i_79
Lilo & Stitch,2025,1h 48m,PG,,Alien Invasion,https://www.imdb.com/title/tt11655566/?ref_=chtmvm_i_80
Lilo & Stitch,2025,1h 48m,PG,,Buddy Comedy,https://www.imdb.com/title/tt11655566/?ref_=chtmvm_i_80
Lilo & Stitch,2025,1h 48m,PG,,Sci-Fi Epic,https://www.imdb.com/title/tt11655566/?ref_=chtmvm_i_80
Lilo & Stitch,2025,1h 48m,PG,,Space Sci-Fi,https://www.imdb.com/title/tt11655566/?ref_=chtmvm_i_80
Lilo & Stitch,2025,1h 48m,PG,,Action,https://www.imdb.com/title/tt11655566/?ref_=chtmvm_i_80
Lilo & Stitch,2025,1h 48m,PG,,Adventure,https://www.imdb.com/title/tt11655566/?ref_=chtmvm_i_80
Lilo & Stitch,2025,1h 48m,PG,,Comedy,https://www.imdb.com/title/tt11655566/?ref_=chtmvm_i_80
Lilo & Stitch,2025,1h 48m,PG,,Drama,https://www.imdb.com/title/tt11655566/?ref_=chtmvm_i_80
Lilo & Stitch,2025,1h 48m,PG,,Family,https://www.imdb.com/title/tt11655566/?ref_=chtmvm_i_80
Lilo & Stitch,2025,1h 48m,PG,,Fantasy,https://www.imdb.com/title/tt11655566/?ref_=chtmvm_i_80
The Wild Robot,2024,1h 42m,PG,8.2,Artificial Intelligence,https://www.imdb.com/title/tt29623480/?ref_=chtmvm_i_81
The Wild Robot,2024,1h 42m,PG,8.2,Computer Animation,https://www.imdb.com/title/tt29623480/?ref_=chtmvm_i_81
The Wild Robot,2024,1h 42m,PG,8.2,Survival,https://www.imdb.com/title/tt29623480/?ref_=chtmvm_i_81
The Wild Robot,2024,1h 42m,PG,8.2,Animation,https://www.imdb.com/title/tt29623480/?ref_=chtmvm_i_81
The Wild Robot,2024,1h 42m,PG,8.2,Sci-Fi,https://www.imdb.com/title/tt29623480/?ref_=chtmvm_i_81
Speak No Evil,2024,1h 50m,R,6.8,Psychological Drama,https://www.imdb.com/title/tt27534307/?ref_=chtmvm_i_82
Speak No Evil,2024,1h 50m,R,6.8,Psychological Horror,https://www.imdb.com/title/tt27534307/?ref_=chtmvm_i_82
Speak No Evil,2024,1h 50m,R,6.8,Psychological Thriller,https://www.imdb.com/title/tt27534307/?ref_=chtmvm_i_82
Speak No Evil,2024,1h 50m,R,6.8,Drama,https://www.imdb.com/title/tt27534307/?ref_=chtmvm_i_82
Speak No Evil,2024,1h 50m,R,6.8,Horror,https://www.imdb.com/title/tt27534307/?ref_=chtmvm_i_82
Speak No Evil,2024,1h 50m,R,6.8,Thriller,https://www.imdb.com/title/tt27534307/?ref_=chtmvm_i_82
Neighborhood Watch,2025,1h 32m,R,6.1,Crime,https://www.imdb.com/title/tt1714918/?ref_=chtmvm_i_83
Neighborhood Watch,2025,1h 32m,R,6.1,Thriller,https://www.imdb.com/title/tt1714918/?ref_=chtmvm_i_83
Heat,1995,2h 50m,R,8.3,Action Epic,https://www.imdb.com/title/tt0113277/?ref_=chtmvm_i_84
Heat,1995,2h 50m,R,8.3,Cop Drama,https://www.imdb.com/title/tt0113277/?ref_=chtmvm_i_84
Heat,1995,2h 50m,R,8.3,Epic,https://www.imdb.com/title/tt0113277/?ref_=chtmvm_i_84
Heat,1995,2h 50m,R,8.3,Gangster,https://www.imdb.com/title/tt0113277/?ref_=chtmvm_i_84
Heat,1995,2h 50m,R,8.3,Heist,https://www.imdb.com/title/tt0113277/?ref_=chtmvm_i_84
Heat,1995,2h 50m,R,8.3,Action,https://www.imdb.com/title/tt0113277/?ref_=chtmvm_i_84
Heat,1995,2h 50m,R,8.3,Crime,https://www.imdb.com/title/tt0113277/?ref_=chtmvm_i_84
Heat,1995,2h 50m,R,8.3,Drama,https://www.imdb.com/title/tt0113277/?ref_=chtmvm_i_84
Trap,2024,1h 45m,PG-13,5.8,Psychological Horror,https://www.imdb.com/title/tt26753003/?ref_=chtmvm_i_85
Trap,2024,1h 45m,PG-13,5.8,Psychological Thriller,https://www.imdb.com/title/tt26753003/?ref_=chtmvm_i_85
Trap,2024,1h 45m,PG-13,5.8,Serial Killer,https://www.imdb.com/title/tt26753003/?ref_=chtmvm_i_85
Trap,2024,1h 45m,PG-13,5.8,Crime,https://www.imdb.com/title/tt26753003/?ref_=chtmvm_i_85
Trap,2024,1h 45m,PG-13,5.8,Horror,https://www.imdb.com/title/tt26753003/?ref_=chtmvm_i_85
Trap,2024,1h 45m,PG-13,5.8,Mystery,https://www.imdb.com/title/tt26753003/?ref_=chtmvm_i_85
Trap,2024,1h 45m,PG-13,5.8,Thriller,https://www.imdb.com/title/tt26753003/?ref_=chtmvm_i_85
Jurassic World Rebirth,2025,2h 14m,PG-13,,Dinosaur Adventure,https://www.imdb.com/title/tt31036941/?ref_=chtmvm_i_86
Jurassic World Rebirth,2025,2h 14m,PG-13,,Action,https://www.imdb.com/title/tt31036941/?ref_=chtmvm_i_86
Jurassic World Rebirth,2025,2h 14m,PG-13,,Adventure,https://www.imdb.com/title/tt31036941/?ref_=chtmvm_i_86
Jurassic World Rebirth,2025,2h 14m,PG-13,,Sci-Fi,https://www.imdb.com/title/tt31036941/?ref_=chtmvm_i_86
Jurassic World Rebirth,2025,2h 14m,PG-13,,Thriller,https://www.imdb.com/title/tt31036941/?ref_=chtmvm_i_86
The Dark Knight,2008,2h 32m,PG-13,9.0,Action Epic,https://www.imdb.com/title/tt0468569/?ref_=chtmvm_i_87
The Dark Knight,2008,2h 32m,PG-13,9.0,Epic,https://www.imdb.com/title/tt0468569/?ref_=chtmvm_i_87
The Dark Knight,2008,2h 32m,PG-13,9.0,Superhero,https://www.imdb.com/title/tt0468569/?ref_=chtmvm_i_87
The Dark Knight,2008,2h 32m,PG-13,9.0,Tragedy,https://www.imdb.com/title/tt0468569/?ref_=chtmvm_i_87
The Dark Knight,2008,2h 32m,PG-13,9.0,Action,https://www.imdb.com/title/tt0468569/?ref_=chtmvm_i_87
The Dark Knight,2008,2h 32m,PG-13,9.0,Crime,https://www.imdb.com/title/tt0468569/?ref_=chtmvm_i_87
The Dark Knight,2008,2h 32m,PG-13,9.0,Drama,https://www.imdb.com/title/tt0468569/?ref_=chtmvm_i_87
The Dark Knight,2008,2h 32m,PG-13,9.0,Thriller,https://www.imdb.com/title/tt0468569/?ref_=chtmvm_i_87
Moana 2,2024,1h 40m,PG,6.6,Computer Animation,https://www.imdb.com/title/tt13622970/?ref_=chtmvm_i_88
Moana 2,2024,1h 40m,PG,6.6,Sea Adventure,https://www.imdb.com/title/tt13622970/?ref_=chtmvm_i_88
Moana 2,2024,1h 40m,PG,6.6,Adventure,https://www.imdb.com/title/tt13622970/?ref_=chtmvm_i_88
Moana 2,2024,1h 40m,PG,6.6,Animation,https://www.imdb.com/title/tt13622970/?ref_=chtmvm_i_88
Moana 2,2024,1h 40m,PG,6.6,Comedy,https://www.imdb.com/title/tt13622970/?ref_=chtmvm_i_88
Moana 2,2024,1h 40m,PG,6.6,Family,https://www.imdb.com/title/tt13622970/?ref_=chtmvm_i_88
Moana 2,2024,1h 40m,PG,6.6,Fantasy,https://www.imdb.com/title/tt13622970/?ref_=chtmvm_i_88
Moana 2,2024,1h 40m,PG,6.6,Musical,https://www.imdb.com/title/tt13622970/?ref_=chtmvm_i_88
Rogue One: A Star Wars Story,2016,2h 13m,PG-13,7.8,Action Epic,https://www.imdb.com/title/tt3748528/?ref_=chtmvm_i_89
Rogue One: A Star Wars Story,2016,2h 13m,PG-13,7.8,Adventure Epic,https://www.imdb.com/title/tt3748528/?ref_=chtmvm_i_89
Rogue One: A Star Wars Story,2016,2h 13m,PG-13,7.8,Sci-Fi Epic,https://www.imdb.com/title/tt3748528/?ref_=chtmvm_i_89
Rogue One: A Star Wars Story,2016,2h 13m,PG-13,7.8,Space Sci-Fi,https://www.imdb.com/title/tt3748528/?ref_=chtmvm_i_89
Rogue One: A Star Wars Story,2016,2h 13m,PG-13,7.8,Tragedy,https://www.imdb.com/title/tt3748528/?ref_=chtmvm_i_89
Rogue One: A Star Wars Story,2016,2h 13m,PG-13,7.8,Action,https://www.imdb.com/title/tt3748528/?ref_=chtmvm_i_89
Rogue One: A Star Wars Story,2016,2h 13m,PG-13,7.8,Adventure,https://www.imdb.com/title/tt3748528/?ref_=chtmvm_i_89
Rogue One: A Star Wars Story,2016,2h 13m,PG-13,7.8,Sci-Fi,https://www.imdb.com/title/tt3748528/?ref_=chtmvm_i_89
The Ugly Stepsister,2025,1h 49m,,7.3,Body Horror,https://www.imdb.com/title/tt29344903/?ref_=chtmvm_i_90
The Ugly Stepsister,2025,1h 49m,,7.3,Psychological Horror,https://www.imdb.com/title/tt29344903/?ref_=chtmvm_i_90
The Ugly Stepsister,2025,1h 49m,,7.3,Satire,https://www.imdb.com/title/tt29344903/?ref_=chtmvm_i_90
The Ugly Stepsister,2025,1h 49m,,7.3,Slasher Horror,https://www.imdb.com/title/tt29344903/?ref_=chtmvm_i_90
The Ugly Stepsister,2025,1h 49m,,7.3,Comedy,https://www.imdb.com/title/tt29344903/?ref_=chtmvm_i_90
The Ugly Stepsister,2025,1h 49m,,7.3,Drama,https://www.imdb.com/title/tt29344903/?ref_=chtmvm_i_90
The Ugly Stepsister,2025,1h 49m,,7.3,Horror,https://www.imdb.com/title/tt29344903/?ref_=chtmvm_i_90
Deadpool & Wolverine,2024,2h 8m,R,7.6,Buddy Comedy,https://www.imdb.com/title/tt6263850/?ref_=chtmvm_i_91
Deadpool & Wolverine,2024,2h 8m,R,7.6,Dark Comedy,https://www.imdb.com/title/tt6263850/?ref_=chtmvm_i_91
Deadpool & Wolverine,2024,2h 8m,R,7.6,Raunchy Comedy,https://www.imdb.com/title/tt6263850/?ref_=chtmvm_i_91
Deadpool & Wolverine,2024,2h 8m,R,7.6,Superhero,https://www.imdb.com/title/tt6263850/?ref_=chtmvm_i_91
Deadpool & Wolverine,2024,2h 8m,R,7.6,Action,https://www.imdb.com/title/tt6263850/?ref_=chtmvm_i_91
Deadpool & Wolverine,2024,2h 8m,R,7.6,Adventure,https://www.imdb.com/title/tt6263850/?ref_=chtmvm_i_91
Deadpool & Wolverine,2024,2h 8m,R,7.6,Comedy,https://www.imdb.com/title/tt6263850/?ref_=chtmvm_i_91
Deadpool & Wolverine,2024,2h 8m,R,7.6,Sci-Fi,https://www.imdb.com/title/tt6263850/?ref_=chtmvm_i_91
Predator: Killer of Killers,2025,1h 30m,,,Action,https://www.imdb.com/title/tt36463894/?ref_=chtmvm_i_92
Predator: Killer of Killers,2025,1h 30m,,,Adventure,https://www.imdb.com/title/tt36463894/?ref_=chtmvm_i_92
Predator: Killer of Killers,2025,1h 30m,,,Animation,https://www.imdb.com/title/tt36463894/?ref_=chtmvm_i_92
Predator: Killer of Killers,2025,1h 30m,,,Sci-Fi,https://www.imdb.com/title/tt36463894/?ref_=chtmvm_i_92
Predator: Killer of Killers,2025,1h 30m,,,Thriller,https://www.imdb.com/title/tt36463894/?ref_=chtmvm_i_92
Lolita,1997,2h 17m,R,6.8,Dark Comedy,https://www.imdb.com/title/tt0119558/?ref_=chtmvm_i_93
Lolita,1997,2h 17m,R,6.8,Dark Romance,https://www.imdb.com/title/tt0119558/?ref_=chtmvm_i_93
Lolita,1997,2h 17m,R,6.8,Tragedy,https://www.imdb.com/title/tt0119558/?ref_=chtmvm_i_93
Lolita,1997,2h 17m,R,6.8,Drama,https://www.imdb.com/title/tt0119558/?ref_=chtmvm_i_93
Lolita,1997,2h 17m,R,6.8,Romance,https://www.imdb.com/title/tt0119558/?ref_=chtmvm_i_93
Love,2015,2h 15m,TV-MA,6.1,Steamy Romance,https://www.imdb.com/title/tt3774694/?ref_=chtmvm_i_94
Love,2015,2h 15m,TV-MA,6.1,Drama,https://www.imdb.com/title/tt3774694/?ref_=chtmvm_i_94
Love,2015,2h 15m,TV-MA,6.1,Romance,https://www.imdb.com/title/tt3774694/?ref_=chtmvm_i_94
Sonic the Hedgehog 3,2024,1h 50m,PG,6.9,Animal Adventure,https://www.imdb.com/title/tt18259086/?ref_=chtmvm_i_95
Sonic the Hedgehog 3,2024,1h 50m,PG,6.9,Fantasy Epic,https://www.imdb.com/title/tt18259086/?ref_=chtmvm_i_95
Sonic the Hedgehog 3,2024,1h 50m,PG,6.9,Globetrotting Adventure,https://www.imdb.com/title/tt18259086/?ref_=chtmvm_i_95
Sonic the Hedgehog 3,2024,1h 50m,PG,6.9,Superhero,https://www.imdb.com/title/tt18259086/?ref_=chtmvm_i_95
Sonic the Hedgehog 3,2024,1h 50m,PG,6.9,Supernatural Fantasy,https://www.imdb.com/title/tt18259086/?ref_=chtmvm_i_95
Sonic the Hedgehog 3,2024,1h 50m,PG,6.9,Action,https://www.imdb.com/title/tt18259086/?ref_=chtmvm_i_95
Sonic the Hedgehog 3,2024,1h 50m,PG,6.9,Adventure,https://www.imdb.com/title/tt18259086/?ref_=chtmvm_i_95
Sonic the Hedgehog 3,2024,1h 50m,PG,6.9,Comedy,https://www.imdb.com/title/tt18259086/?ref_=chtmvm_i_95
Sonic the Hedgehog 3,2024,1h 50m,PG,6.9,Family,https://www.imdb.com/title/tt18259086/?ref_=chtmvm_i_95
Sonic the Hedgehog 3,2024,1h 50m,PG,6.9,Fantasy,https://www.imdb.com/title/tt18259086/?ref_=chtmvm_i_95
Death of a Unicorn,2025,1h 47m,R,6.0,Dark Comedy,https://www.imdb.com/title/tt28443655/?ref_=chtmvm_i_96
Death of a Unicorn,2025,1h 47m,R,6.0,Dark Fantasy,https://www.imdb.com/title/tt28443655/?ref_=chtmvm_i_96
Death of a Unicorn,2025,1h 47m,R,6.0,Monster Horror,https://www.imdb.com/title/tt28443655/?ref_=chtmvm_i_96
Death of a Unicorn,2025,1h 47m,R,6.0,Comedy,https://www.imdb.com/title/tt28443655/?ref_=chtmvm_i_96
Death of a Unicorn,2025,1h 47m,R,6.0,Fantasy,https://www.imdb.com/title/tt28443655/?ref_=chtmvm_i_96
Death of a Unicorn,2025,1h 47m,R,6.0,Horror,https://www.imdb.com/title/tt28443655/?ref_=chtmvm_i_96
Death of a Unicorn,2025,1h 47m,R,6.0,Thriller,https://www.imdb.com/title/tt28443655/?ref_=chtmvm_i_96
In the Lost Lands,2025,1h 41m,R,4.7,Dark Fantasy,https://www.imdb.com/title/tt4419684/?ref_=chtmvm_i_97
In the Lost Lands,2025,1h 41m,R,4.7,Supernatural Fantasy,https://www.imdb.com/title/tt4419684/?ref_=chtmvm_i_97
In the Lost Lands,2025,1h 41m,R,4.7,Survival,https://www.imdb.com/title/tt4419684/?ref_=chtmvm_i_97
In the Lost Lands,2025,1h 41m,R,4.7,Action,https://www.imdb.com/title/tt4419684/?ref_=chtmvm_i_97
In the Lost Lands,2025,1h 41m,R,4.7,Adventure,https://www.imdb.com/title/tt4419684/?ref_=chtmvm_i_97
In the Lost Lands,2025,1h 41m,R,4.7,Fantasy,https://www.imdb.com/title/tt4419684/?ref_=chtmvm_i_97
Scorned,1993,1h 40m,R,5.2,Erotic Thriller,https://www.imdb.com/title/tt0111093/?ref_=chtmvm_i_98
Scorned,1993,1h 40m,R,5.2,Drama,https://www.imdb.com/title/tt0111093/?ref_=chtmvm_i_98
Scorned,1993,1h 40m,R,5.2,Thriller,https://www.imdb.com/title/tt0111093/?ref_=chtmvm_i_98
Winter Spring Summer or Fall,2024,1h 37m,R,6.1,Coming-of-Age,https://www.imdb.com/title/tt24515124/?ref_=chtmvm_i_99
Winter Spring Summer or Fall,2024,1h 37m,R,6.1,Drama,https://www.imdb.com/title/tt24515124/?ref_=chtmvm_i_99
Winter Spring Summer or Fall,2024,1h 37m,R,6.1,Romance,https://www.imdb.com/title/tt24515124/?ref_=chtmvm_i_99
Alien: Romulus,2024,1h 59m,R,7.1,Monster Horror,https://www.imdb.com/title/tt18412256/?ref_=chtmvm_i_100
Alien: Romulus,2024,1h 59m,R,7.1,Space Sci-Fi,https://www.imdb.com/title/tt18412256/?ref_=chtmvm_i_100
Alien: Romulus,2024,1h 59m,R,7.1,Horror,https://www.imdb.com/title/tt18412256/?ref_=chtmvm_i_100
Alien: Romulus,2024,1h 59m,R,7.1,Sci-Fi,https://www.imdb.com/title/tt18412256/?ref_=chtmvm_i_100
Alien: Romulus,2024,1h 59m,R,7.1,Thriller,https://www.imdb.com/title/tt18412256/?ref_=chtmvm_i_100
